Ticker,Name,Sector,Weight
NVDA,NVIDIA Corp,Information Technology,0.0741
AAPL,Apple Inc,Information Technology,0.0671
MSFT,Microsoft Corp,Information Technology,0.0415
AMZN,Amazon.com Inc,Consumer Discretionary,0.0383
GOOGL,Alphabet Inc,Communication Services,0.0326
GOOG,Alphabet Inc,Communication Services,0.0304
AVGO,Broadcom Inc,Information Technology,0.0276
META,Meta Platforms Inc,Communication Services,0.0246
TSLA,Tesla Inc,Consumer Discretionary,0.0222
MU,Micron Technology Inc,Information Technology,0.016
BRK-B,Berkshire Hathaway Inc,Financials,0.0154
LLY,Eli Lilly & Co,Health Care,0.0154
AMD,Advanced Micro Devices Inc,Information Technology,0.0132
WMT,Walmart Inc,Consumer Staples,0.0131
JPM,JPMorgan Chase & Co,Financials,0.0131
V,Visa Inc,Financials,0.0096
JNJ,Johnson & Johnson,Health Care,0.009
XOM,Exxon Mobil Corp,Energy,0.0083
INTC,Intel Corp,Information Technology,0.008
AMAT,Applied Materials Inc,Information Technology,0.0069
CSCO,Cisco Systems Inc,Information Technology,0.0069
MA,Mastercard Inc,Financials,0.0067
CAT,Caterpillar Inc,Industrials,0.0064
ABBV,AbbVie Inc,Health Care,0.0064
LRCX,Lam Research Corp,Information Technology,0.0064
BAC,Bank of America Corp,Financials,0.0061
COST,Costco Wholesale Corp,Consumer Staples,0.0059
ORCL,Oracle Corp,Information Technology,0.0059
UNH,UnitedHealth Group Inc,Health Care,0.0056
GE,General Electric Co,Industrials,0.0054
KO,Coca-Cola Co/The,Consumer Staples,0.0052
CVX,Chevron Corp,Energy,0.0051
MS,Morgan Stanley,Financials,0.0051
PG,Procter & Gamble Co/The,Consumer Staples,0.005
HD,Home Depot Inc/The,Consumer Discretionary,0.005
GS,Goldman Sachs Group Inc/The,Financials,0.0045
NFLX,Netflix Inc,Communication Services,0.0045
MRK,Merck & Co Inc,Health Care,0.0044
PLTR,Palantir Technologies Inc,Information Technology,0.0044
KLAC,KLA Corp,Information Technology,0.0044
GEV,GE Vernova Inc,Industrials,0.0043
SNDK,Sandisk Corp/DE,Information Technology,0.0041
TXN,Texas Instruments Inc,Information Technology,0.0041
PM,Philip Morris International Inc,Consumer Staples,0.0041
DELL,Dell Technologies Inc,Information Technology,0.0041
IBM,International Business Machines Corp,Information Technology,0.0039
WFC,Wells Fargo & Co,Financials,0.0039
PANW,Palo Alto Networks Inc,Information Technology,0.0039
RTX,RTX Corp,Industrials,0.0038
LIN,Linde PLC,Materials,0.0036
C,Citigroup Inc,Financials,0.0035
AXP,American Express Co,Financials,0.0035
ANET,Arista Networks Inc,Information Technology,0.0034
MRVL,Marvell Technology,Information Technology,0.0031
STX,Seagate Technology Holdings PLC,Information Technology,0.003
TMUS,T-Mobile US Inc,Communication Services,0.0029
WDC,Western Digital Corp,Information Technology,0.0029
QCOM,QUALCOMM Inc,Information Technology,0.0029
AMGN,Amgen Inc,Health Care,0.0028
TMO,Thermo Fisher Scientific Inc,Health Care,0.0028
APH,Amphenol Corp,Information Technology,0.0028
MCD,McDonald's Corp,Consumer Discretionary,0.0028
ADI,Analog Devices Inc,Information Technology,0.0028
CRWD,Crowdstrike Holdings Inc,Information Technology,0.0028
PEP,PepsiCo Inc,Consumer Staples,0.0027
NEE,NextEra Energy Inc,Utilities,0.0027
SCHW,Charles Schwab Corp/The,Financials,0.0026
VZ,Verizon Communications Inc,Communication Services,0.0025
BA,Boeing Co/The,Industrials,0.0025
UNP,Union Pacific Corp,Industrials,0.0025
APP,AppLovin Corp,Information Technology,0.0025
TJX,TJX Cos Inc/The,Consumer Discretionary,0.0024
DIS,Walt Disney Co/The,Communication Services,0.0024
GLW,Corning Inc,Information Technology,0.0024
ABT,Abbott Laboratories,Health Care,0.0024
WELL,Welltower Inc,Real Estate,0.0024
GILD,Gilead Sciences Inc,Health Care,0.0023
BLK,Blackrock Inc,Financials,0.0023
DE,Deere & Co,Industrials,0.0023
ETN,Eaton Corp PLC,Industrials,0.0023
UBER,Uber Technologies Inc,Industrials,0.0022
BX,Blackstone Inc,Financials,0.0022
T,AT&T Inc,Communication Services,0.0021
ISRG,Intuitive Surgical Inc,Health Care,0.0021
DHR,Danaher Corp,Health Care,0.002
BKNG,Booking Holdings Inc,Consumer Discretionary,0.002
PFE,Pfizer Inc,Health Care,0.002
CB,Chubb Ltd,Financials,0.002
PGR,Progressive Corp/The,Financials,0.0019
CRM,Salesforce Inc,Information Technology,0.0019
CVS,CVS Health Corp,Health Care,0.0019
COP,ConocoPhillips,Energy,0.0019
PLD,Prologis Inc,Real Estate,0.0019
SPGI,S&P Global Inc,Financials,0.0018
SYK,Stryker Corp,Health Care,0.0018
COF,Capital One Financial Corp,Financials,0.0018
VRTX,Vertex Pharmaceuticals Inc,Health Care,0.0018
VRT,Vertiv Holdings,Industrials,0.0018
PH,Parker-Hannifin Corp,Industrials,0.0018
SBUX,Starbucks Corp,Consumer Discretionary,0.0018
LMT,Lockheed Martin Corp,Industrials,0.0017
MO,Altria Group Inc,Consumer Staples,0.0017
LOW,Lowe's Cos Inc,Consumer Discretionary,0.0017
BMY,Bristol-Myers Squibb Co,Health Care,0.0017
FTNT,Fortinet Inc,Information Technology,0.0017
NOW,ServiceNow Inc,Information Technology,0.0016
HWM,Howmet Aerospace Inc,Industrials,0.0016
SO,Southern Co/The,Utilities,0.0016
MDT,Medtronic PLC,Health Care,0.0016
TT,Trane Technologies PLC,Industrials,0.0015
CDNS,Cadence Design Systems Inc,Information Technology,0.0015
BNY,Bank of New York Mellon Corp/The,Financials,0.0015
EQIX,Equinix Inc,Real Estate,0.0015
NEM,Newmont Corp,Materials,0.0015
GD,General Dynamics Corp,Industrials,0.0015
PNC,PNC Financial Services Group Inc/The,Financials,0.0015
HOOD,Robinhood Markets Inc,Financials,0.0015
MAR,Marriott International Inc/MD,Consumer Discretionary,0.0014
PWR,Quanta Services Inc,Industrials,0.0014
DUK,Duke Energy Corp,Utilities,0.0014
USB,US Bancorp,Financials,0.0014
ADP,Automatic Data Processing Inc,Industrials,0.0014
UPS,United Parcel Service Inc,Industrials,0.0014
MNST,Monster Beverage Corp,Consumer Staples,0.0014
MCK,McKesson Corp,Health Care,0.0014
WM,Waste Management Inc,Industrials,0.0014
CMI,Cummins Inc,Industrials,0.0014
CSX,CSX Corp,Industrials,0.0013
WMB,Williams Cos Inc/The,Energy,0.0013
DDOG,Datadog Inc,Information Technology,0.0013
ELV,Elevance Health Inc,Health Care,0.0013
HCA,HCA Healthcare Inc,Health Care,0.0013
CEG,Constellation Energy Corp,Utilities,0.0013
ADBE,Adobe Inc,Information Technology,0.0013
FCX,Freeport-McMoRan Inc,Materials,0.0013
ABNB,Airbnb Inc,Consumer Discretionary,0.0013
JCI,Johnson Controls International plc,Industrials,0.0013
KKR,KKR & Co Inc,Financials,0.0013
CME,CME Group Inc,Financials,0.0013
MRSH,Marsh & McLennan Cos Inc,Financials,0.0012
SNPS,Synopsys Inc,Information Technology,0.0012
MCO,Moody's Corp,Financials,0.0012
CMCSA,Comcast Corp,Communication Services,0.0012
DASH,DoorDash Inc,Consumer Discretionary,0.0012
VLO,Valero Energy Corp,Energy,0.0012
MPC,Marathon Petroleum Corp,Energy,0.0012
ACN,Accenture PLC,Information Technology,0.0012
SHW,Sherwin-Williams Co/The,Materials,0.0012
MMM,3M Co,Industrials,0.0012
AMT,American Tower Corp,Real Estate,0.0011
EMR,Emerson Electric Co,Industrials,0.0011
CI,Cigna Group/The,Health Care,0.0011
ITW,Illinois Tool Works Inc,Industrials,0.0011
ECL,Ecolab Inc,Materials,0.0011
NOC,Northrop Grumman Corp,Industrials,0.0011
RCL,Royal Caribbean Cruises Ltd,Consumer Discretionary,0.0011
ICE,Intercontinental Exchange Inc,Financials,0.0011
HLT,Hilton Worldwide Holdings Inc,Consumer Discretionary,0.0011
AON,Aon PLC,Financials,0.0011
PSX,Phillips 66,Energy,0.0011
MDLZ,Mondelez International Inc,Consumer Staples,0.0011
INTU,Intuit Inc,Information Technology,0.0011
FDX,FedEx Corp,Industrials,0.0011
CL,Colgate-Palmolive Co,Consumer Staples,0.0011
NXPI,NXP Semiconductors NV,Information Technology,0.0011
AEP,American Electric Power Co Inc,Utilities,0.0011
NSC,Norfolk Southern Corp,Industrials,0.0011
TDG,TransDigm Group Inc,Industrials,0.001
TRV,Travelers Cos Inc/The,Financials,0.001
CTAS,Cintas Corp,Industrials,0.001
HON,Honeywell International Inc,Industrials,0.001
ORLY,O'Reilly Automotive Inc,Consumer Discretionary,0.001
ROST,Ross Stores Inc,Consumer Discretionary,0.001
KMI,Kinder Morgan Inc,Energy,0.001
EOG,EOG Resources Inc,Energy,0.001
SLB,SLB Ltd,Energy,0.001
SPG,Simon Property Group Inc,Real Estate,0.001
MSI,Motorola Solutions Inc,Information Technology,0.001
GM,General Motors Co,Consumer Discretionary,0.001
CRH,CRH PLC,Materials,0.001
HONA,Honeywell Aerospace,Industrials,0.001
REGN,Regeneron Pharmaceuticals Inc,Health Care,0.001
APO,Apollo Global Management Inc,Financials,0.001
URI,United Rentals Inc,Industrials,0.001
RSG,Republic Services Inc,Industrials,0.001
DLR,Digital Realty Trust Inc,Real Estate,0.001
APD,Air Products and Chemicals Inc,Materials,0.001
WBD,Warner Bros Discovery Inc,Communication Services,0.001
BSX,Boston Scientific Corp,Health Care,0.001
MPWR,Monolithic Power Systems Inc,Information Technology,0.001
NKE,NIKE Inc,Consumer Discretionary,0.001
PCAR,PACCAR Inc,Industrials,0.001
CIEN,Ciena,Information Technology,0.0009
AJG,Arthur J Gallagher & Co,Financials,0.0009
GWW,WW Grainger Inc,Industrials,0.0009
ALL,Allstate Corp/The,Financials,0.0009
TFC,Truist Financial Corp,Financials,0.0009
HPE,Hewlett Packard Enterprise Co,Information Technology,0.0009
COHR,Coherent,Information Technology,0.0009
LITE,Lumentum Holdings,Information Technology,0.0009
AFL,Aflac Inc,Financials,0.0009
FIX,Comfort Systems USA Inc,Industrials,0.0009
D,Dominion Energy Inc,Utilities,0.0009
SRE,Sempra,Utilities,0.0009
TGT,Target Corp,Consumer Staples,0.0009
COR,Cencora Inc,Health Care,0.0009
O,Realty Income Corp,Real Estate,0.0009
MET,MetLife Inc,Financials,0.0009
TRGP,Targa Resources Corp,Energy,0.0009
TEL,TE Connectivity PLC,Information Technology,0.0008
CARR,Carrier Global Corp,Industrials,0.0008
DAL,Delta Air Lines Inc,Industrials,0.0008
CTVA,Corteva Inc,Materials,0.0008
BKR,Baker Hughes Co,Energy,0.0008
OKE,ONEOK Inc,Energy,0.0008
TER,Teradyne Inc,Information Technology,0.0008
PSA,Public Storage,Real Estate,0.0008
F,Ford Motor Co,Consumer Discretionary,0.0008
CAH,Cardinal Health Inc,Health Care,0.0008
KEYS,Keysight Technologies Inc,Information Technology,0.0008
LHX,L3Harris Technologies Inc,Industrials,0.0008
ETR,Entergy Corp,Utilities,0.0008
AME,AMETEK Inc,Industrials,0.0008
VST,Vistra Corp,Utilities,0.0008
FAST,Fastenal Co,Industrials,0.0008
EW,Edwards Lifesciences Corp,Health Care,0.0008
OXY,Occidental Petroleum Corp,Energy,0.0008
ROK,Rockwell Automation Inc,Industrials,0.0008
EBAY,eBay Inc,Consumer Discretionary,0.0008
NUE,Nucor Corp,Materials,0.0008
EA,Electronic Arts Inc,Communication Services,0.0008
FITB,Fifth Third Bancorp,Financials,0.0007
FANG,Diamondback Energy Inc,Energy,0.0007
AZO,AutoZone Inc,Consumer Discretionary,0.0007
XEL,Xcel Energy Inc,Utilities,0.0007
STT,State Street Corp,Financials,0.0007
NDAQ,Nasdaq Inc,Financials,0.0007
FLEX,Flex,Information Technology,0.0007
DVN,Devon Energy Corp,Energy,0.0007
MCHP,Microchip Technology Inc,Information Technology,0.0007
EXC,Exelon Corp,Utilities,0.0007
ODFL,Old Dominion Freight Line Inc,Industrials,0.0007
CVNA,Carvana Co,Consumer Discretionary,0.0007
HUM,Humana Inc,Health Care,0.0007
GRMN,Garmin Ltd,Consumer Discretionary,0.0007
XYZ,Block Inc,Financials,0.0007
AXON,Axon Enterprise Inc,Industrials,0.0007
AMP,Ameriprise Financial Inc,Financials,0.0007
CMG,Chipotle Mexican Grill Inc,Consumer Discretionary,0.0007
TTWO,Take-Two Interactive Software Inc,Communication Services,0.0007
YUM,Yum! Brands Inc,Consumer Discretionary,0.0007
IDXX,IDEXX Laboratories Inc,Health Care,0.0006
WAB,Westinghouse Air Brake Technologies Corp,Industrials,0.0006
VTR,Ventas Inc,Real Estate,0.0006
MSCI,MSCI Inc,Financials,0.0006
ADSK,Autodesk Inc,Information Technology,0.0006
KDP,Keurig Dr Pepper Inc,Consumer Staples,0.0006
DHI,DR Horton Inc,Consumer Discretionary,0.0006
AIG,American International Group Inc,Financials,0.0006
IBKR,Interactive Brokers Group Inc,Financials,0.0006
COIN,Coinbase Global Inc,Financials,0.0006
BDX,Becton Dickinson & Co,Health Care,0.0006
LYV,Live Nation Entertainment Inc,Communication Services,0.0006
ED,Consolidated Edison Inc,Utilities,0.0006
UAL,United Airlines Holdings Inc,Industrials,0.0006
PYPL,PayPal Holdings Inc,Financials,0.0006
CBRE,CBRE Group Inc,Real Estate,0.0006
PEG,Public Service Enterprise Group Inc,Utilities,0.0006
SYY,Sysco Corp,Consumer Staples,0.0006
PRU,Prudential Financial Inc,Financials,0.0006
ADM,Archer-Daniels-Midland Co,Consumer Staples,0.0006
VMC,Vulcan Materials Co,Materials,0.0006
PAYX,Paychex Inc,Industrials,0.0006
HIG,Hartford Insurance Group Inc/The,Financials,0.0006
A,Agilent Technologies Inc,Health Care,0.0005
PCG,PG&E Corp,Utilities,0.0005
WEC,WEC Energy Group Inc,Utilities,0.0005
KVUE,Kenvue Inc,Consumer Staples,0.0005
ON,ON Semiconductor Corp,Information Technology,0.0005
KMB,Kimberly-Clark Corp,Consumer Staples,0.0005
KR,Kroger Co/The,Consumer Staples,0.0005
WAT,Waters Corp,Health Care,0.0005
CCL,Carnival Corp,Consumer Discretionary,0.0005
HBAN,Huntington Bancshares Inc/OH,Financials,0.0005
IRM,Iron Mountain Inc,Real Estate,0.0005
ROP,Roper Technologies Inc,Information Technology,0.0005
MTB,M&T Bank Corp,Financials,0.0005
ACGL,Arch Capital Group Ltd,Financials,0.0005
HSY,Hershey Co/The,Consumer Staples,0.0005
CCI,Crown Castle Inc,Real Estate,0.0005
EME,EMCOR Group Inc,Industrials,0.0005
IQV,IQVIA Holdings Inc,Health Care,0.0005
MLM,Martin Marietta Materials Inc,Materials,0.0005
JBL,Jabil Inc,Information Technology,0.0005
WDAY,Workday Inc,Information Technology,0.0005
NTRS,Northern Trust Corp,Financials,0.0005
CNC,Centene Corp,Health Care,0.0005
NTAP,NetApp Inc,Information Technology,0.0005
STLD,Steel Dynamics Inc,Materials,0.0005
RJF,Raymond James Financial Inc,Financials,0.0005
EXPE,Expedia Group Inc,Consumer Discretionary,0.0005
ZTS,Zoetis Inc,Health Care,0.0005
DTE,DTE Energy Co,Utilities,0.0005
AEE,Ameren Corp,Utilities,0.0005
LVS,Las Vegas Sands Corp,Consumer Discretionary,0.0004
VEEV,Veeva Systems,Health Care,0.0004
IR,Ingersoll Rand Inc,Industrials,0.0004
EQT,EQT Corp,Energy,0.0004
EXR,Extra Space Storage Inc,Real Estate,0.0004
CASY,Casey's General Stores,Consumer Staples,0.0004
Q,Qnity Electronics Inc,Information Technology,0.0004
EL,Estee Lauder Cos Inc/The,Consumer Staples,0.0004
CFG,Citizens Financial Group Inc,Financials,0.0004
NRG,NRG Energy Inc,Utilities,0.0004
RMD,ResMed Inc,Health Care,0.0004
KHC,Kraft Heinz Co/The,Consumer Staples,0.0004
GEHC,GE HealthCare Technologies Inc,Health Care,0.0004
ATO,Atmos Energy Corp,Utilities,0.0004
BIIB,Biogen Inc,Health Care,0.0004
TDY,Teledyne Technologies Inc,Information Technology,0.0004
FICO,Fair Isaac Corp,Information Technology,0.0004
DOV,Dover Corp,Industrials,0.0004
EIX,Edison International,Utilities,0.0004
DXCM,Dexcom Inc,Health Care,0.0004
XYL,Xylem Inc/NY,Industrials,0.0004
HAL,Halliburton Co,Energy,0.0004
VICI,VICI Properties Inc,Real Estate,0.0004
CNP,CenterPoint Energy Inc,Utilities,0.0004
TPR,Tapestry Inc,Consumer Discretionary,0.0004
ES,Eversource Energy,Utilities,0.0004
CBOE,Cboe Global Markets Inc,Financials,0.0004
OTIS,Otis Worldwide Corp,Industrials,0.0004
CINF,Cincinnati Financial Corp,Financials,0.0004
FE,FirstEnergy Corp,Utilities,0.0004
ARES,Ares Management Corp,Financials,0.0004
TPL,Texas Pacific Land Corp,Energy,0.0004
WTW,Willis Towers Watson PLC,Financials,0.0004
AVB,AvalonBay Communities Inc,Real Estate,0.0004
MRNA,Moderna Inc,Health Care,0.0004
PPL,PPL Corp,Utilities,0.0004
FISV,Fiserv Inc,Financials,0.0004
WRB,W R Berkley Corp,Financials,0.0004
RF,Regions Financial Corp,Financials,0.0004
JBHT,JB Hunt Transport Services Inc,Industrials,0.0004
DG,Dollar General Corp,Consumer Staples,0.0004
MTD,Mettler-Toledo International Inc,Health Care,0.0004
WSM,Williams-Sonoma Inc,Consumer Discretionary,0.0004
PPG,PPG Industries Inc,Materials,0.0004
HUBB,Hubbell Inc,Industrials,0.0004
EQR,Equity Residential,Real Estate,0.0004
AWK,American Water Works Co Inc,Utilities,0.0004
CPRT,Copart Inc,Industrials,0.0004
TROW,T Rowe Price Group Inc,Financials,0.0004
KEY,KeyCorp,Financials,0.0004
WST,West Pharmaceutical Services Inc,Health Care,0.0004
VRSN,VeriSign Inc,Information Technology,0.0004
FSLR,First Solar Inc,Information Technology,0.0004
SYF,Synchrony Financial,Financials,0.0004
VRSK,Verisk Analytics Inc,Industrials,0.0004
FFIV,F5 Inc,Information Technology,0.0004
PFG,Principal Financial Group Inc,Financials,0.0004
DLTR,Dollar Tree Inc,Consumer Staples,0.0003
PHM,PulteGroup Inc,Consumer Discretionary,0.0003
LUV,Southwest Airlines Co,Industrials,0.0003
L,Loews Corp,Financials,0.0003
RL,Ralph Lauren Corp,Consumer Discretionary,0.0003
DRI,Darden Restaurants Inc,Consumer Discretionary,0.0003
OMC,Omnicom Group Inc,Communication Services,0.0003
INCY,Incyte Corp,Health Care,0.0003
CMS,CMS Energy Corp,Utilities,0.0003
SW,Smurfit WestRock PLC,Materials,0.0003
CPAY,Corpay Inc,Financials,0.0003
DGX,Quest Diagnostics Inc,Health Care,0.0003
BRO,Brown & Brown Inc,Financials,0.0003
STZ,Constellation Brands Inc,Consumer Staples,0.0003
CHD,Church & Dwight Co Inc,Consumer Staples,0.0003
CHRW,CH Robinson Worldwide Inc,Industrials,0.0003
VLTO,Veralto Corp,Industrials,0.0003
LH,Labcorp Holdings Inc,Health Care,0.0003
EXPD,Expeditors International of Washington Inc,Industrials,0.0003
NI,NiSource Inc,Utilities,0.0003
FDXF,FedEx Freight,Industrials,0.0003
BG,Bunge Global SA,Consumer Staples,0.0003
HPQ,HP Inc,Information Technology,0.0003
FIS,Fidelity National Information Services Inc,Financials,0.0003
ROL,Rollins Inc,Industrials,0.0003
STE,STERIS PLC,Health Care,0.0003
DOW,Dow Inc,Materials,0.0003
EXE,Expand Energy Corp,Energy,0.0003
SNA,Snap-on Inc,Industrials,0.0003
GPN,Global Payments Inc,Financials,0.0003
PKG,Packaging Corp of America,Materials,0.0003
TSN,Tyson Foods Inc,Consumer Staples,0.0003
LEN,Lennar Corp,Consumer Discretionary,0.0003
ULTA,Ulta Beauty Inc,Consumer Discretionary,0.0003
SBAC,SBA Communications Corp,Real Estate,0.0003
CTSH,Cognizant Technology Solutions Corp,Information Technology,0.0003
IP,International Paper Co,Materials,0.0003
AMCR,Amcor PLC,Materials,0.0003
EFX,Equifax Inc,Industrials,0.0003
IFF,International Flavors & Fragrances Inc,Materials,0.0003
EVRG,Evergy Inc,Utilities,0.0003
LNT,Alliant Energy Corp,Utilities,0.0003
GIS,General Mills Inc,Consumer Staples,0.0003
LII,Lennox International Inc,Industrials,0.0003
FTV,Fortive Corp,Industrials,0.0003
VTRS,Viatris Inc,Health Care,0.0003
ESS,Essex Property Trust Inc,Real Estate,0.0003
CDW,CDW Corp/DE,Information Technology,0.0003
AKAM,Akamai Technologies Inc,Information Technology,0.0003
SMCI,Super Micro Computer Inc,Information Technology,0.0003
LYB,LyondellBasell Industries NV,Materials,0.0003
DD,DuPont de Nemours Inc,Materials,0.0003
CF,CF Industries Holdings Inc,Materials,0.0003
ZBH,Zimmer Biomet Holdings Inc,Health Care,0.0003
INVH,Invitation Homes Inc,Real Estate,0.0003
NVR,NVR Inc,Consumer Discretionary,0.0003
BBY,Best Buy Co Inc,Consumer Discretionary,0.0003
BEN,Franklin Resources Inc,Financials,0.0003
GPC,Genuine Parts Co,Consumer Discretionary,0.0003
BR,Broadridge Financial Solutions Inc,Industrials,0.0002
WY,Weyerhaeuser Co,Real Estate,0.0002
KIM,Kimco Realty Corp,Real Estate,0.0002
IEX,IDEX Corp,Industrials,0.0002
BALL,Ball Corp,Materials,0.0002
CHTR,Charter Communications Inc,Communication Services,0.0002
NDSN,Nordson Corp,Industrials,0.0002
TSCO,Tractor Supply Co,Consumer Discretionary,0.0002
HST,Host Hotels & Resorts Inc,Real Estate,0.0002
TXT,Textron Inc,Industrials,0.0002
MAA,Mid-America Apartment Communities Inc,Real Estate,0.0002
MAS,Masco Corp,Industrials,0.0002
GEN,Gen Digital Inc,Information Technology,0.0002
DVA,DaVita Inc,Health Care,0.0002
DOC,Healthpeak Properties Inc,Real Estate,0.0002
ALB,Albemarle Corp,Materials,0.0002
J,Jacobs Solutions Inc,Industrials,0.0002
DECK,Deckers Outdoor Corp,Consumer Discretionary,0.0002
EG,Everest Group Ltd,Financials,0.0002
REG,Regency Centers Corp,Real Estate,0.0002
PTC,PTC Inc,Information Technology,0.0002
MKC,McCormick & Co Inc/MD,Consumer Staples,0.0002
GL,Globe Life Inc,Financials,0.0002
TKO,TKO Group Holdings Inc,Communication Services,0.0002
AIZ,Assurant Inc,Financials,0.0002
COO,Cooper Cos Inc/The,Health Care,0.0002
GNRC,Generac Holdings Inc,Industrials,0.0002
SWK,Stanley Black & Decker Inc,Industrials,0.0002
HRL,Hormel Foods Corp,Consumer Staples,0.0002
LULU,Lululemon Athletica Inc,Consumer Discretionary,0.0002
LDOS,Leidos Holdings Inc,Industrials,0.0002
SOLV,Solventum Corp,Health Care,0.0002
ERIE,Erie Indemnity Co,Financials,0.0002
PNW,Pinnacle West Capital Corp,Utilities,0.0002
ZBRA,Zebra Technologies Corp,Information Technology,0.0002
UDR,UDR Inc,Real Estate,0.0002
ALGN,Align Technology Inc,Health Care,0.0002
IVZ,Invesco Ltd,Financials,0.0002
APTV,Aptiv PLC,Consumer Discretionary,0.0002
TYL,Tyler Technologies Inc,Information Technology,0.0002
RVTY,Revvity Inc,Health Care,0.0002
TRMB,Trimble Inc,Information Technology,0.0002
PNR,Pentair PLC,Industrials,0.0002
AVY,Avery Dennison Corp,Materials,0.0002
BF-B,Brown-Forman Corp,Consumer Staples,0.0002
MGM,MGM Resorts International,Consumer Discretionary,0.0002
SJM,J M Smucker Co/The,Consumer Staples,0.0002
APA,APA Corp,Energy,0.0002
GDDY,GoDaddy Inc,Information Technology,0.0002
ALLE,Allegion plc,Industrials,0.0002
BAX,Baxter International Inc,Health Care,0.0002
CLX,Clorox Co/The,Consumer Staples,0.0002
CSGP,CoStar Group Inc,Real Estate,0.0002
HII,Huntington Ingalls Industries Inc,Industrials,0.0002
CRL,Charles River Laboratories International Inc,Health Care,0.0002
CPT,Camden Property Trust,Real Estate,0.0002
HAS,Hasbro Inc,Consumer Discretionary,0.0002
PODD,Insulet Corp,Health Care,0.0002
TECH,Bio-Techne Corp,Health Care,0.0002
FOXA,Fox Corp,Communication Services,0.0002
FOX,Fox Corp,Communication Services,0.0002
JKHY,Jack Henry & Associates Inc,Financials,0.0002
BXP,BXP Inc,Real Estate,0.0002
AES,AES Corp/The,Utilities,0.0002
PSKY,Paramount Skydance Corp,Communication Services,0.0002
FRT,Federal Realty Investment Trust,Real Estate,0.0002
WYNN,Wynn Resorts Ltd,Consumer Discretionary,0.0002
DPZ,Domino's Pizza Inc,Consumer Discretionary,0.0001
NWSA,News Corp,Communication Services,0.0001
HSIC,Henry Schein Inc,Health Care,0.0001
UHS,Universal Health Services Inc,Health Care,0.0001
TTD,Trade Desk Inc/The,Communication Services,0.0001
SWKS,Skyworks Solutions Inc,Information Technology,0.0001
NCLH,Norwegian Cruise Line Holdings Ltd,Consumer Discretionary,0.0001
IT,Gartner Inc,Information Technology,0.0001
FDS,FactSet Research Systems Inc,Financials,0.0001
ARE,Alexandria Real Estate Equities Inc,Real Estate,0.0001
AOS,A O Smith Corp,Industrials,0.0001
BLDR,Builders FirstSource Inc,Industrials,0.0001
TAP,Molson Coors Beverage Co,Consumer Staples,0.0001
MOS,Mosaic Co/The,Materials,0.0001
NWS,News Corp,Communication Services,0.0001
SATS,EchoStar,Communication Services,0.0
